city,category,status,priority,region
north london district area,smart consumer electronic devices,successfully delivered to address,medium priority scheduled request,southern coastal maritime region
south tokyo central station,smart consumer electronic devices,returned for quality inspection,low priority background task,western mountain highlands domain
north london district area,smart consumer electronic devices,pending customer payment review,medium priority scheduled request,southern coastal maritime region
central sydney harbor side,professional outdoor sports gear,pending customer payment review,medium priority scheduled request,western mountain highlands domain
south tokyo central station,organic herbal beauty products,returned for quality inspection,high priority urgent ticket,northern sector administrative zone
south tokyo central station,organic herbal beauty products,successfully delivered to address,high priority urgent ticket,southern coastal maritime region
south tokyo central station,modern home kitchen appliances,pending customer payment review,low priority background task,western mountain highlands domain
north london district area,modern home kitchen appliances,successfully delivered to address,high priority urgent ticket,northern sector administrative zone
west newyork metropolitan zone,professional outdoor sports gear,pending customer payment review,critical system escalation level,northern sector administrative zone
central sydney harbor side,modern home kitchen appliances,returned for quality inspection,high priority urgent ticket,southern coastal maritime region
north london district area,smart consumer electronic devices,shipped from distribution warehouse,high priority urgent ticket,northern sector administrative zone
south tokyo central station,smart consumer electronic devices,order cancelled by buyer,high priority urgent ticket,western mountain highlands domain
east paris downtown quarter,premium quality apparel clothing,successfully delivered to address,high priority urgent ticket,southern coastal maritime region
east paris downtown quarter,smart consumer electronic devices,returned for quality inspection,medium priority scheduled request,southern coastal maritime region
south tokyo central station,organic herbal beauty products,order cancelled by buyer,high priority urgent ticket,southern coastal maritime region
east paris downtown quarter,smart consumer electronic devices,shipped from distribution warehouse,low priority background task,eastern inland agricultural district
west newyork metropolitan zone,modern home kitchen appliances,pending customer payment review,medium priority scheduled request,eastern inland agricultural district
south tokyo central station,organic herbal beauty products,order cancelled by buyer,critical system escalation level,southern coastal maritime region
east paris downtown quarter,premium quality apparel clothing,shipped from distribution warehouse,high priority urgent ticket,western mountain highlands domain
central sydney harbor side,organic herbal beauty products,successfully delivered to address,medium priority scheduled request,southern coastal maritime region
central sydney harbor side,organic herbal beauty products,pending customer payment review,low priority background task,northern sector administrative zone
south tokyo central station,premium quality apparel clothing,order cancelled by buyer,low priority background task,western mountain highlands domain
west newyork metropolitan zone,professional outdoor sports gear,order cancelled by buyer,high priority urgent ticket,northern sector administrative zone
north london district area,professional outdoor sports gear,successfully delivered to address,high priority urgent ticket,northern sector administrative zone
east paris downtown quarter,organic herbal beauty products,shipped from distribution warehouse,critical system escalation level,northern sector administrative zone
east paris downtown quarter,professional outdoor sports gear,shipped from distribution warehouse,low priority background task,eastern inland agricultural district
central sydney harbor side,professional outdoor sports gear,shipped from distribution warehouse,medium priority scheduled request,eastern inland agricultural district
south tokyo central station,professional outdoor sports gear,returned for quality inspection,low priority background task,eastern inland agricultural district
west newyork metropolitan zone,smart consumer electronic devices,pending customer payment review,high priority urgent ticket,eastern inland agricultural district
south tokyo central station,smart consumer electronic devices,shipped from distribution warehouse,low priority background task,northern sector administrative zone
west newyork metropolitan zone,smart consumer electronic devices,returned for quality inspection,medium priority scheduled request,southern coastal maritime region
west newyork metropolitan zone,professional outdoor sports gear,shipped from distribution warehouse,high priority urgent ticket,western mountain highlands domain
south tokyo central station,professional outdoor sports gear,shipped from distribution warehouse,high priority urgent ticket,western mountain highlands domain
east paris downtown quarter,organic herbal beauty products,returned for quality inspection,critical system escalation level,northern sector administrative zone
south tokyo central station,premium quality apparel clothing,pending customer payment review,high priority urgent ticket,northern sector administrative zone
central sydney harbor side,professional outdoor sports gear,shipped from distribution warehouse,medium priority scheduled request,northern sector administrative zone
north london district area,smart consumer electronic devices,shipped from distribution warehouse,low priority background task,northern sector administrative zone
east paris downtown quarter,smart consumer electronic devices,returned for quality inspection,medium priority scheduled request,eastern inland agricultural district
west newyork metropolitan zone,premium quality apparel clothing,returned for quality inspection,medium priority scheduled request,western mountain highlands domain
south tokyo central station,organic herbal beauty products,order cancelled by buyer,medium priority scheduled request,northern sector administrative zone
north london district area,organic herbal beauty products,successfully delivered to address,critical system escalation level,western mountain highlands domain
west newyork metropolitan zone,smart consumer electronic devices,pending customer payment review,low priority background task,western mountain highlands domain
east paris downtown quarter,smart consumer electronic devices,shipped from distribution warehouse,medium priority scheduled request,southern coastal maritime region
central sydney harbor side,organic herbal beauty products,shipped from distribution warehouse,critical system escalation level,southern coastal maritime region
east paris downtown quarter,organic herbal beauty products,shipped from distribution warehouse,low priority background task,western mountain highlands domain
central sydney harbor side,smart consumer electronic devices,pending customer payment review,low priority background task,northern sector administrative zone
south tokyo central station,premium quality apparel clothing,order cancelled by buyer,critical system escalation level,western mountain highlands domain
south tokyo central station,organic herbal beauty products,pending customer payment review,medium priority scheduled request,western mountain highlands domain
north london district area,organic herbal beauty products,successfully delivered to address,critical system escalation level,eastern inland agricultural district
west newyork metropolitan zone,professional outdoor sports gear,order cancelled by buyer,medium priority scheduled request,southern coastal maritime region
east paris downtown quarter,premium quality apparel clothing,pending customer payment review,low priority background task,eastern inland agricultural district
north london district area,smart consumer electronic devices,returned for quality inspection,critical system escalation level,southern coastal maritime region
north london district area,professional outdoor sports gear,pending customer payment review,medium priority scheduled request,northern sector administrative zone
central sydney harbor side,smart consumer electronic devices,shipped from distribution warehouse,critical system escalation level,northern sector administrative zone
central sydney harbor side,premium quality apparel clothing,returned for quality inspection,low priority background task,northern sector administrative zone
west newyork metropolitan zone,professional outdoor sports gear,returned for quality inspection,high priority urgent ticket,eastern inland agricultural district
south tokyo central station,modern home kitchen appliances,shipped from distribution warehouse,high priority urgent ticket,western mountain highlands domain
south tokyo central station,modern home kitchen appliances,order cancelled by buyer,high priority urgent ticket,northern sector administrative zone
north london district area,organic herbal beauty products,returned for quality inspection,low priority background task,northern sector administrative zone
central sydney harbor side,premium quality apparel clothing,returned for quality inspection,high priority urgent ticket,southern coastal maritime region
east paris downtown quarter,smart consumer electronic devices,shipped from distribution warehouse,high priority urgent ticket,eastern inland agricultural district
south tokyo central station,organic herbal beauty products,returned for quality inspection,high priority urgent ticket,northern sector administrative zone
central sydney harbor side,modern home kitchen appliances,pending customer payment review,medium priority scheduled request,eastern inland agricultural district
north london district area,smart consumer electronic devices,returned for quality inspection,medium priority scheduled request,eastern inland agricultural district
east paris downtown quarter,professional outdoor sports gear,shipped from distribution warehouse,high priority urgent ticket,southern coastal maritime region
east paris downtown quarter,professional outdoor sports gear,order cancelled by buyer,high priority urgent ticket,northern sector administrative zone
north london district area,organic herbal beauty products,successfully delivered to address,low priority background task,northern sector administrative zone
east paris downtown quarter,premium quality apparel clothing,successfully delivered to address,medium priority scheduled request,western mountain highlands domain
central sydney harbor side,organic herbal beauty products,returned for quality inspection,low priority background task,northern sector administrative zone
north london district area,premium quality apparel clothing,returned for quality inspection,low priority background task,eastern inland agricultural district
central sydney harbor side,professional outdoor sports gear,shipped from distribution warehouse,critical system escalation level,southern coastal maritime region
north london district area,modern home kitchen appliances,successfully delivered to address,low priority background task,eastern inland agricultural district
south tokyo central station,premium quality apparel clothing,pending customer payment review,high priority urgent ticket,western mountain highlands domain
central sydney harbor side,premium quality apparel clothing,shipped from distribution warehouse,medium priority scheduled request,southern coastal maritime region
west newyork metropolitan zone,smart consumer electronic devices,shipped from distribution warehouse,high priority urgent ticket,western mountain highlands domain
south tokyo central station,modern home kitchen appliances,shipped from distribution warehouse,low priority background task,western mountain highlands domain
north london district area,organic herbal beauty products,shipped from distribution warehouse,medium priority scheduled request,western mountain highlands domain
east paris downtown quarter,modern home kitchen appliances,shipped from distribution warehouse,medium priority scheduled request,northern sector administrative zone
south tokyo central station,organic herbal beauty products,successfully delivered to address,high priority urgent ticket,northern sector administrative zone
east paris downtown quarter,modern home kitchen appliances,returned for quality inspection,critical system escalation level,eastern inland agricultural district
north london district area,smart consumer electronic devices,successfully delivered to address,medium priority scheduled request,eastern inland agricultural district
north london district area,smart consumer electronic devices,returned for quality inspection,critical system escalation level,eastern inland agricultural district
east paris downtown quarter,organic herbal beauty products,returned for quality inspection,low priority background task,western mountain highlands domain
central sydney harbor side,premium quality apparel clothing,successfully delivered to address,low priority background task,western mountain highlands domain
north london district area,professional outdoor sports gear,returned for quality inspection,medium priority scheduled request,eastern inland agricultural district
west newyork metropolitan zone,smart consumer electronic devices,successfully delivered to address,high priority urgent ticket,northern sector administrative zone
east paris downtown quarter,professional outdoor sports gear,successfully delivered to address,critical system escalation level,eastern inland agricultural district
west newyork metropolitan zone,modern home kitchen appliances,returned for quality inspection,medium priority scheduled request,southern coastal maritime region
west newyork metropolitan zone,organic herbal beauty products,shipped from distribution warehouse,high priority urgent ticket,western mountain highlands domain
central sydney harbor side,smart consumer electronic devices,successfully delivered to address,high priority urgent ticket,southern coastal maritime region
west newyork metropolitan zone,professional outdoor sports gear,returned for quality inspection,high priority urgent ticket,western mountain highlands domain
west newyork metropolitan zone,organic herbal beauty products,shipped from distribution warehouse,critical system escalation level,southern coastal maritime region
north london district area,modern home kitchen appliances,returned for quality inspection,high priority urgent ticket,northern sector administrative zone
south tokyo central station,modern home kitchen appliances,shipped from distribution warehouse,medium priority scheduled request,southern coastal maritime region
north london district area,smart consumer electronic devices,shipped from distribution warehouse,critical system escalation level,northern sector administrative zone
west newyork metropolitan zone,organic herbal beauty products,returned for quality inspection,medium priority scheduled request,western mountain highlands domain
west newyork metropolitan zone,organic herbal beauty products,shipped from distribution warehouse,medium priority scheduled request,northern sector administrative zone
north london district area,organic herbal beauty products,shipped from distribution warehouse,medium priority scheduled request,western mountain highlands domain
north london district area,professional outdoor sports gear,shipped from distribution warehouse,low priority background task,western mountain highlands domain
south tokyo central station,organic herbal beauty products,returned for quality inspection,high priority urgent ticket,western mountain highlands domain
central sydney harbor side,professional outdoor sports gear,order cancelled by buyer,critical system escalation level,southern coastal maritime region
west newyork metropolitan zone,organic herbal beauty products,successfully delivered to address,medium priority scheduled request,eastern inland agricultural district
central sydney harbor side,organic herbal beauty products,shipped from distribution warehouse,high priority urgent ticket,western mountain highlands domain
north london district area,modern home kitchen appliances,shipped from distribution warehouse,high priority urgent ticket,eastern inland agricultural district
east paris downtown quarter,professional outdoor sports gear,pending customer payment review,medium priority scheduled request,southern coastal maritime region
south tokyo central station,organic herbal beauty products,shipped from distribution warehouse,medium priority scheduled request,northern sector administrative zone
west newyork metropolitan zone,organic herbal beauty products,successfully delivered to address,critical system escalation level,western mountain highlands domain
north london district area,premium quality apparel clothing,order cancelled by buyer,critical system escalation level,northern sector administrative zone
central sydney harbor side,organic herbal beauty products,order cancelled by buyer,low priority background task,eastern inland agricultural district
east paris downtown quarter,organic herbal beauty products,order cancelled by buyer,medium priority scheduled request,western mountain highlands domain
south tokyo central station,modern home kitchen appliances,order cancelled by buyer,critical system escalation level,northern sector administrative zone
west newyork metropolitan zone,modern home kitchen appliances,order cancelled by buyer,medium priority scheduled request,western mountain highlands domain
south tokyo central station,professional outdoor sports gear,returned for quality inspection,low priority background task,western mountain highlands domain
central sydney harbor side,professional outdoor sports gear,pending customer payment review,low priority background task,western mountain highlands domain
south tokyo central station,organic herbal beauty products,shipped from distribution warehouse,low priority background task,eastern inland agricultural district
west newyork metropolitan zone,modern home kitchen appliances,shipped from distribution warehouse,critical system escalation level,eastern inland agricultural district
east paris downtown quarter,organic herbal beauty products,successfully delivered to address,critical system escalation level,eastern inland agricultural district
north london district area,organic herbal beauty products,pending customer payment review,low priority background task,eastern inland agricultural district
south tokyo central station,smart consumer electronic devices,pending customer payment review,low priority background task,southern coastal maritime region
south tokyo central station,smart consumer electronic devices,returned for quality inspection,medium priority scheduled request,southern coastal maritime region
