bird mango uncle rice,river home,lion country uncle end
horse summer ship grape,horse forest,green spring
brown plant,mumbai family white plane,keyboard summer
company simple apple,family ship,rice door forest
lion horse car,teacher slow,spring bread company
sister screen,fish fourth car mouse,corn medium india today
evening tree mother,lemon village,hospital corn
quick lake,car rice,maharashtra medium student
class teacher,city butter,number market pune dog
maharashtra wall black sister,window phone,butter fourth maharashtra
brown river market pen,lake large,company book
butter cat forest,start father book forest,file bus middle third
screen room bread home,aunt brown,bread aunt night ship
truck student river home,file horse doctor peach,door india
worker market,winter cat bike,winter phone red
purple happy banana,brother bird market middle,doctor butter hospital pune
bird corn road,screen apple,start brother bread green
green second,simple india,fast maharashtra green
plant door class nurse,white health,third apple winter pen
orange bird fourth,start medium company,water melon start
mouse sister server small,nurse black,house village
purple wall bread,simple spring ship forest,doctor sister friend plant
salt truck city mumbai,computer first yellow,fish mountain river
school orange,purple lake summer river,dog mother
melon lake cat first,happy paper,blue water
city server forest,house brother number start,evening camera mountain office
company train tree,tiger village,teacher ship train
happy sister peach,mumbai pune tiger melon,sister school manager
mountain tree,black keyboard,ship garden
phone mountain simple,computer company,tiger peach mumbai white
horse fourth,wall train,radio forest happy
first melon wall,apple bike bread,wheat ship family
office brown village father,door tree corn,melon night
white melon aunt book,peach night,green third quick
window melon blue mouse,cat winter,country happy
truck fish,mountain night winter lemon,mouse plane village night
yellow book number bread,city father,water bread bus
city pune,screen book fourth,banana screen
morning tiger dog black,green bread,number college
start mountain,wheat window computer,mother sugar autumn company
red banana city small,sugar number village lion,bread bird
aunt purple,butter wheat,flower father school market
quick bread green server,first second slow,horse maharashtra
medium rice lemon,paper hospital,maharashtra bread
uncle computer,mother ship brown banana,dog middle
first door white grape,night purple room,house lemon salt
first number worker,first teacher,market mountain
lion teacher health brown,today aunt door,happy window
start train,floor uncle,office number train
happy uncle company mountain,window office family,car simple
quick camera,plant small,college salt large
river mango,tree truck paper rice,hospital rice
pune blue truck,fast black paper mango,start bread
night bread,lion winter,college sister office
road spring blue,bike first,tree milk lemon mother
apple yellow fourth,market brother uncle city,student road
city third,today book village,brother first
green salt city,pen truck family,purple house tree
city car country,first floor autumn morning,truck purple medium
sugar wheat,road office,spring mumbai pen phone
computer country forest,camera worker first uncle,village mouse
blue village maharashtra,paper horse small doctor,country salt
company plant,mango lemon,camera autumn
screen plane,evening tree father family,file truck mountain
mumbai friend,end doctor,health ship
floor manager,yellow phone peach brown,third slow
screen home,city red brown,book doctor end computer
small brother end green,medium second purple,end window aunt
keyboard bread doctor,fast maharashtra,hospital health yellow
india water rice,dog father wheat,butter paper
end white mouse,door lake,friend door mother
cat plane,paper white phone,melon flower medium
bike first hospital,family orange quick start,car radio apple teacher
doctor bike quick,black aunt uncle,manager spring end river
river butter road,mango bike school,country manager truck brother
fast phone,today black,second bus
morning village mango mouse,ship home happy phone,peach bread
pen forest screen,school nurse start,rice doctor medium
milk medium mouse,orange aunt white,college river
cat health mumbai lemon,mountain plant,today door
house camera,bird morning forest phone,milk hospital class wall
spring aunt father bird,salt lion,mango fourth salt evening
second car bus father,dog summer,medium india mountain lion
hospital sugar slow market,company fish worker morning,college black
village class cat,pune school banana slow,large server lion
student maharashtra end,mother door road,sister yellow
butter autumn company third,health radio phone road,summer butter pen quick
medium number,rice start,mountain doctor phone
autumn city car school,file slow,garden server forest
manager bread school,start winter family,brown banana yellow
mouse water,train server brown nurse,friend camera
father server keyboard worker,horse corn,truck friend
salt village,class camera purple red,ship aunt purple
teacher family screen,salt milk lake,brother tree
fish aunt black,garden tree forest uncle,rice brother summer
winter wheat tiger medium,corn lake,floor sugar banana
black house rice lemon,purple corn,house maharashtra simple doctor
lion simple banana,wheat camera radio computer,garden peach milk
bird large cat,server dog evening,market peach door company
sugar mouse mountain fish,nurse plane spring winter,river health yellow car
second computer sugar,ship salt morning today,autumn uncle
nurse flower,forest bread village mouse,water floor
dog window apple train,friend winter camera,grape lake wheat
wheat family happy screen,market lake,office worker india
village manager number plant,bird white river,door second butter large
dog melon,worker salt,aunt large morning third
computer fish phone,sugar family truck butter,white file computer mouse
lemon middle road uncle,spring milk mango,lake country
summer orange nurse country,evening lemon nurse,camera yellow
computer third rice garden,road maharashtra small server,camera college
paper pen city,quick window,train friend file
village truck small,grape screen horse book,pen bird hospital
happy blue large,village simple,phone train peach tree
student today doctor file,computer nurse peach flower,purple house fourth
computer start family,fish mango india,manager water mother window
purple banana train,river fast,phone fish
medium door file number,corn blue mother butter,medium radio camera
screen purple,bike tree,blue aunt start home
rice hospital,school number office,butter large apple wheat
sugar fast summer night,server happy door keyboard,radio college paper purple
car screen number pen,family water,bike lake quick health
lemon book aunt,mother second company,bike village worker
door file grape house,summer paper simple tiger,tiger red second
banana brother room,simple mumbai door,camera office
school today friend,mumbai mouse quick,quick country black
book india father,simple white grape,cat water india market
lake aunt horse,tiger nurse maharashtra,simple tiger computer wall
sugar first mango lemon,worker melon corn,class road room
red train,market worker garden wall,mouse autumn
today market water,second night room,phone maharashtra
screen milk city,first manager,first wheat country
window dog computer college,sugar maharashtra ship friend,screen slow sugar
bike quick,lion water car,teacher evening corn family
orange medium village,rice banana morning,health aunt peach second
aunt file medium first,health manager lake,manager teacher river maharashtra
today milk,doctor brother hospital village,fast home india tiger
pune lemon salt office,grape night student,house horse second corn
aunt plane floor,house office,start student red green
medium wall milk,company corn aunt,manager bird phone
room doctor,happy country,country bus slow manager
student horse worker bus,bread black,screen class
aunt country bread night,large maharashtra class,country lake
mango today middle,pen third autumn river,cat maharashtra large phone
sugar mumbai train bird,lemon grape,file bird tiger
middle black,bike screen,city aunt family
plane summer aunt sister,middle plane,tiger medium server autumn
rice grape friend,forest computer water,tiger market class
first pune teacher melon,rice tree fish,horse village forest
maharashtra winter orange peach,mountain house office,flower cat medium nurse
flower summer forest small,paper health,office first
apple rice quick room,white milk,bird village
house banana,worker office water,pen orange floor bread
house uncle,red bird aunt,camera keyboard
blue summer lion,green river autumn,sister office
yellow sugar screen pune,melon radio,ship market lion
father second computer,first mouse,spring room cat
rice today,night purple father pen,winter red corn
green spring road,worker family,quick mumbai
start hospital purple brother,road keyboard,train school
truck plane sister,book ship,city milk class
market fourth,cat horse medium,horse road
aunt uncle,company house brown,summer brown
paper city fish train,simple city doctor,simple third brother
wheat winter,teacher lion evening,forest door village radio
slow lion,slow brown class,nurse rice
river company ship slow,hospital small today autumn,pune brown mango spring
medium friend butter mango,butter family,third school college
garden simple,morning village,cat room uncle
mango horse aunt red,car plane,school window class
brother pen health,winter mouse middle peach,window doctor
peach country mouse butter,village ship server,computer plane butter forest
bird college road wheat,country summer server red,salt lemon river bus
melon apple flower sugar,hospital home,corn pen fish
file aunt,floor house car,mother lake green brown
company teacher dog bus,lemon road orange screen,happy book
ship evening truck mother,plane corn bird truck,pen wall
screen medium friend third,horse road slow,mountain road
truck red mouse bus,aunt school river,health wall dog
maharashtra bird red blue,first health,college sister small
small room water lion,milk plant,spring door
dog floor hospital india,phone doctor morning,keyboard market fourth start
pune maharashtra today pen,book door computer cat,computer india sugar
summer melon teacher,dog salt phone keyboard,melon class
dog pune happy,autumn winter,bike phone night purple
end lemon keyboard second,mumbai tree pen spring,green door melon
lion company first,father mouse green,floor lemon mountain mother
computer red yellow,window student class third,bike train health
country winter peach,pune paper cat tiger,country bike wheat milk
quick village second spring,paper mouse,village room third college
mumbai family village,house winter mother,salt brown
pune worker paper,city family,market second red horse
city ship blue student,student salt,forest school
tree river home,dog corn,green hospital
medium uncle middle red,village school,house winter car door
garden medium,hospital today company first,brother computer
train student,brother water computer autumn,doctor aunt office
lake black water,company office camera,class country
computer phone hospital wheat,green red plane,small plant
home simple milk peach,radio simple class purple,father slow
slow fish wheat mouse,butter keyboard,room medium road horse
small keyboard,number mango plane,bus green
water bike mouse,river mango book,fast father
paper worker room home,wheat third,family medium home
camera keyboard autumn apple,orange milk,medium door
sister spring red ship,health wheat,sugar fish
water plane,worker today screen cat,fast first
winter black orange,blue evening water father,corn ship
autumn teacher,evening plane,city mouse
student cat red white,office green purple orange,simple camera lemon
bike class milk aunt,teacher office,college water
village india lion hospital,uncle doctor paper home,teacher white
small pune floor,phone family radio india,company home
father health,grape corn plant,worker plant
book number,blue bus small,camera milk grape doctor
tree wheat teacher happy,happy mumbai,butter fish manager
road middle truck,computer end bike school,file friend
class fourth manager,butter manager mouse sister,mouse road spring
white corn,lion mouse pen,corn salt keyboard spring
ship wall friend computer,keyboard lemon sister,autumn road rice
worker melon dog city,truck student blue manager,country window mango room
country office computer grape,cat water,student bike morning grape
door country keyboard class,computer nurse dog,home red student bus
mumbai rice mountain,mango uncle,file yellow
second brown fish,health bread mother,forest autumn wheat
third server plant fish,quick dog,floor first father
horse company market,city college mother,purple white
end sugar slow,father mother,maharashtra floor worker student
river fish plant worker,water worker,mango student purple
class phone manager purple,autumn middle,cat salt
father brother radio,train hospital large evening,house book
dog keyboard phone market,college house start medium,maharashtra summer garden hospital
road green,medium fish,door sugar wall window
number mother river,yellow end wheat,milk plant
purple rice house india,autumn black horse,pune wall summer night
wall village,brother first spring school,lemon large happy mango
lemon pune,bread mumbai flower hospital,plane today maharashtra mango
middle india white,pune sugar radio,company market
sugar screen dog,melon window computer plane,phone flower school
room book happy father,sister happy college,house nurse class
brown lion book water,fish butter keyboard,room tiger
corn bike,plane mountain happy first,small pen
brother book tree nurse,file blue,file start salt
orange horse bus,screen water forest night,peach wheat file
start fast mumbai country,wheat black banana,road home
sister student nurse,student lemon truck,morning brown
student purple,dog bike green,nurse purple rice
market autumn fish house,bus class,brown student doctor
plant spring,truck green lemon grape,father paper
yellow screen door,end blue home pen,book window bus autumn
fast sugar summer school,medium blue black server,morning sugar camera small
class paper,bird plane night salt,simple friend india mango
camera bread mumbai office,evening lake brother peach,radio wall red india
today health fast car,large market,grape evening
bird tree orange computer,plane door train,flower train green health
third camera simple slow,sister melon mother home,flower brown pen village
red car book,screen second,school white teacher country
market pune manager friend,autumn radio tree,rice brown
river sugar hospital,mother flower friend,server book radio college
number worker brother rice,fish evening country,car end bus small
hospital manager room,lemon wheat father,college fourth
mumbai milk aunt,forest plant large,butter number brown family
home lion autumn,summer water mountain peach,first red river maharashtra
peach tiger,paper father camera,market hospital
apple purple,train mumbai,radio mumbai plant
pen wheat pune,second hospital,mumbai evening
black uncle,slow number grape second,plane start
number third,fast bus,garden number aunt
start grape banana,morning spring lion,wheat screen pune
red file middle home,phone butter tree company,paper window
screen pune milk father,banana uncle,worker corn morning
doctor tree floor autumn,end truck large ship,pen horse truck city
garden home,pen number mountain,bread bike
keyboard doctor,paper sugar night,evening banana bread mumbai
friend water melon,fish phone salt window,market green fourth
hospital salt friend fish,third corn class autumn,river home
door screen aunt,class plane family purple,doctor black manager
large forest nurse mountain,doctor winter simple office,red keyboard
mother student dog third,bird melon medium purple,plant evening black door
pen quick,computer bird market flower,night server horse first
keyboard company melon screen,blue plane,morning melon brown
country company salt,orange bus milk small,aunt forest
dog lemon ship college,cat white melon number,number camera
wheat train,hospital home,sister pune plane class
keyboard simple third,car mouse market,simple white home mumbai
fish floor black,red house sister,medium apple
sugar phone,brother white ship black,large lake mountain
college door rice,number start,nurse bird grape company
plane autumn hospital number,water flower,tiger winter
keyboard winter,mother simple peach mountain,lemon truck computer lake
forest doctor happy health,home green,lake small third
evening book winter hospital,small pen water sugar,village yellow
train sugar,melon brown summer,second floor india country
brown file peach,pune city car,book family plane train
sugar car,doctor black,water slow river
quick mother room,third melon brown,plane brown red
bike mountain,flower paper pune,fourth keyboard
horse black brother,peach butter,country spring lemon
tree manager,brother city brown forest,flower simple second
sugar second banana,number tree,fish aunt doctor radio
family spring,flower bus third water,pen health wheat car
black mumbai teacher,bread student blue,phone tiger manager
camera nurse fast book,class book,lemon morning happy
uncle room,bread purple,night brother plane corn
plant paper,car morning,file purple
market school milk nurse,brother pune uncle,screen wall sister
wall home brother,server garden third middle,pune melon red grape
small city,nurse apple,home fast india
cat mother,banana forest,screen class melon today
city number autumn second,village server orange,black purple
banana orange red,rice black wheat orange,small family country road
lion third,red door,tree today
milk small teacher butter,mouse class truck,morning mountain family
sugar market,mumbai quick,nurse grape horse truck
car purple camera,maharashtra banana,wall mouse file slow
pune office paper,quick tiger end red,lake forest
middle morning camera butter,fourth dog,fourth rice first white
village grape floor fourth,orange flower summer,doctor large
large bus fourth dog,window morning water,medium slow bike country
paper bike doctor uncle,worker friend,mouse green aunt college
tiger road,fast dog,spring hospital autumn
bus health pen mango,butter office keyboard server,teacher purple
road garden market,village car mouse hospital,corn manager mountain father
mouse butter,car father,door uncle bike book
lion horse apple,computer student nurse,lion house horse
road keyboard,brown blue train lion,horse teacher
horse winter office pen,banana corn train,health mouse brother
first mountain evening yellow,market car,home butter
butter file room,wall road,plane sugar radio
student milk,brother india,winter autumn plant
lion home sugar,bus paper,car manager happy paper
paper road small,winter home sugar pen,friend plant radio book
bus book,uncle friend maharashtra,evening office mountain
car rice small,student bird number,plant summer white garden
hospital purple mango sister,mother flower computer,medium friend cat
country file home,sugar water milk village,father ship
dog keyboard winter,night truck black,fourth third simple friend
white grape worker,family end company,winter maharashtra third mouse
hospital mountain,city teacher wall pune,lemon morning pune country
truck doctor paper worker,lion banana tiger,river blue aunt
brown night friend evening,keyboard class,phone hospital country
friend green door college,radio lion,plane third mouse
medium sister,college salt,screen office flower
radio college camera tiger,brother family keyboard,cat sugar lemon
bird orange slow school,lion country manager wall,mountain yellow floor purple
paper brown,phone lake manager,india garden maharashtra
road bus mango uncle,middle plant keyboard summer,bike apple mother
flower rice,company worker cat evening,manager simple
garden student pen plant,bird bread city,red maharashtra book
bike autumn bus summer,college teacher,today floor small
mother manager sugar third,summer mouse country home,fish water salt
garden class,room blue bike plane,home evening bike ship
server maharashtra,friend third pune number,brown wall
wheat home garden,fast keyboard today,happy teacher
server home,small bike,green mumbai file train
server plane mother fast,server wall mouse,mango worker nurse river
grape rice river,wheat wall health screen,aunt hospital file purple
bird evening butter health,large student white doctor,nurse brother
white forest ship,uncle medium,doctor mountain sugar simple
keyboard bread,happy small horse,happy fish health
flower company,summer friend college happy,autumn india ship wall
home office flower small,company melon,college black rice winter
wall pen mother corn,evening butter quick,first country small tiger
doctor office,third melon rice,house family happy mountain
father pen,nurse fast,bus server room evening
butter india plane car,dog maharashtra worker,truck blue
rice friend number start,screen server pen,apple simple health slow
horse sister screen maharashtra,family teacher slow cat,bus forest ship large
file butter,medium wheat school,evening house morning quick
office school end,nurse peach lemon tiger,office fast screen orange
fourth quick,computer screen,ship plant
second house start mumbai,window simple number,horse mumbai student
mouse class city,wall peach bus india,brother family doctor
ship mumbai,mother tiger,forest radio
house summer,yellow market,banana family school
happy ship,house radio dog lake,horse sister company
lion book,start sugar home,health small doctor
pune country,cat red,banana autumn mumbai wall
college brother forest,aunt door third train,market computer happy forest
end tiger,doctor fish,sister bike college ship
worker home mountain,pune mouse mountain,winter brother spring wheat
mango slow village start,flower yellow spring,tree aunt bus corn
peach office end worker,file bike,water file
winter dog red middle,student number,house bike happy
plane student white market,nurse camera,orange summer
banana bread,lemon fourth,worker bus
wheat india father green,ship family truck,maharashtra black
autumn door rice mouse,mouse blue third,company door
pen bus summer maharashtra,market pune cat salt,road sister slow water
mountain horse,bird screen autumn,melon salt city uncle
uncle floor fish banana,home family banana window,college yellow office
bread wall class house,health simple butter sister,hospital first
paper company,butter red cat,father evening india
file screen,student melon file quick,wall class window milk
end evening,brother bird lake uncle,apple lemon quick happy
mountain lemon,student bike third,floor number
purple manager,uncle mumbai plane river,mountain plane third
book butter large dog,class fish green country,floor river
lemon truck cat start,happy wheat health,pen horse purple
banana class plant,morning office sugar,today mountain phone class
file hospital health plant,first white nurse worker,door apple
mango lake white,maharashtra fast friend,paper apple
car slow uncle sister,lion flower red,plane server
room father,horse lemon third,end slow
train family end class,aunt mouse night,green home
small bus dog summer,melon road village house,corn bread
fourth manager bus,medium uncle pen book,butter lake dog
home health,lion door wall keyboard,book train fish
teacher hospital flower keyboard,phone bread quick,horse window
sugar large mother family,lemon forest medium quick,room horse father
teacher bus,peach country sugar bread,mango truck
brown aunt purple,tiger phone,manager worker
fish banana,medium health,house plant
class market india,mouse night summer bread,orange cat
first pune,company house horse,fish lemon phone
wall fourth,road large brother bus,mango car market
floor teacher forest,rice keyboard,grape autumn
autumn mountain pune corn,train start purple,melon horse rice
home plane plant,middle manager red mountain,manager white worker orange
office father teacher,white office server,second morning green
bike butter garden,book winter,mango end
melon company camera,teacher hospital night lake,tiger mountain
water butter black small,melon nurse river evening,teacher number fast
floor water,book company uncle family,second summer mango
family teacher morning room,tree fast company start,white salt floor
grape horse melon,spring river,red radio
paper third,plant company house school,floor third manager slow
melon orange room,mother third room health,slow red
dog class mother,bus summer tiger school,pen home window
road worker maharashtra server,book floor mother brown,middle fourth autumn office
river city summer,car salt,friend corn house floor
apple family evening bus,grape garden spring book,river maharashtra morning lion
room paper aunt,water college,wall maharashtra middle
large mother,maharashtra sister middle paper,banana bread flower
friend cat,milk office lion,apple peach bike computer
plane wall middle train,start car college,car tiger medium radio
mumbai nurse market river,keyboard dog,corn orange
bread lion dog,wall middle car,sister dog
end horse school winter,end radio mother mango,mumbai wall spring
window peach tiger,flower tree train,purple brother fourth sister
bread village wheat sugar,tiger peach,evening purple fast
door peach student,ship horse,large village india
radio plant tiger mango,wall maharashtra,mouse camera slow
salt office,camera server end,bread horse pune white
garden class middle,class garden keyboard,bread computer
bread river fast,morning melon door,city tiger mouse college
train doctor summer lake,melon fast bike small,plane black market happy
evening start water,sugar mouse bus,grape green evening first
manager evening country today,fish doctor,floor wall forest
house lemon,mouse market road,large india
medium winter,book second sister,horse bike
bus purple pen quick,yellow screen third,office family
summer yellow office plane,plane door,morning summer
nurse tiger fourth lion,health tiger office wheat,start college train bread
mumbai server evening,camera grape floor rice,room today spring
friend truck grape bus,friend water peach,camera third butter end
orange school small,salt rice fast,quick family market
simple lake,sugar aunt,health large pen
sister plane spring,horse tree computer forest,uncle server nurse
simple class large melon,worker window cat salt,green truck home health
start morning mango floor,start medium,fast melon
grape screen,third student,plant rice class large
green bus maharashtra,market mango,class server
keyboard floor simple camera,purple college window fast,aunt medium friend
wheat mango,peach window quick,health forest quick river
river country flower butter,train blue orange happy,banana camera second house
floor winter manager banana,milk spring,father mother pune
ship end car,screen milk forest,sugar country yellow
bus night lion apple,village fast class brown,winter spring wheat sugar
lion radio cat school,maharashtra pen happy,bread mumbai father
sugar tree door yellow,first melon,truck village book market
brother mango,file corn bread second,truck bike uncle
night mother,small tree school brother,river market black maharashtra
second city teacher,sugar slow wall fast,start brown garden corn
camera house,bread brother company brown,market first
mumbai horse river,river aunt simple,plane office middle
class bread night,phone slow fish,peach happy maharashtra
night today dog camera,green fish,car red sugar train
simple quick,home plant,train morning end
room book happy,garden health mouse server,india floor book
melon apple keyboard rice,nurse health,evening nurse
server office,house autumn,maharashtra ship truck
radio bike apple,black plant,class banana end pen
tree orange country apple,sister mountain river friend,salt house lion
green summer salt,cat large,sugar corn
sister yellow winter,school road middle market,school first
teacher doctor tree,second third,orange lake river
house forest sister orange,green wall fish student,mumbai worker grape car
milk hospital black today,winter peach,lion mumbai fast orange
friend bird,computer car fish,milk camera family door
friend market,banana sugar plane village,village yellow
today spring family,plane medium,blue brother
fish wheat bird office,file plant,plant health bread medium
plant teacher mother train,window lemon purple,second flower friend
paper water apple,city horse,medium evening
file door horse health,dog brother tiger first,pune lake screen
bread phone peach,small floor,quick corn
manager country book,uncle bird tiger,banana quick
village pune,paper teacher,today butter start
horse class small school,bird truck,screen butter medium
friend slow radio,mumbai middle manager,bird house
